<?xml version="1.0" encoding="UTF-8"?>
<project-private xmlns="http://www.netbeans.org/ns/project-private/1">
    <editor-bookmarks xmlns="http://www.netbeans.org/ns/editor-bookmarks/2" lastBookmarkId="0"/>
    <open-files xmlns="http://www.netbeans.org/ns/projectui-open-files/2">
        <group>
            <file>file:/D:/Fall%202024/ENSF460/Lab%203/main.c</file>
            <file>file:/D:/Fall%202024/ENSF460/Lab%203/clkChange.h</file>
            <file>file:/D:/Fall%202024/ENSF460/Lab%203/clkChange.c</file>
            <file>file:/D:/Fall%202024/ENSF460/Lab%203/IOs.c</file>
            <file>file:/D:/Fall%202024/ENSF460/Lab%203/IOs.h</file>
            <file>file:/D:/Fall%202024/ENSF460/Lab%203/TimeInterval.c</file>
            <file>file:/D:/Fall%202024/ENSF460/Lab%203/TimeInterval.h</file>
            <file>file:/D:/Fall%202024/ENSF460/Lab%203/UART2.c</file>
            <file>file:/D:/Fall%202024/ENSF460/Lab%203/UART2.h</file>
        </group>
    </open-files>
</project-private>
