[
    {
      "id": 1,
      "name": "Web Development",
      "instructor": "Dr. John Smith",
      "description": "Master HTML, CSS, and JavaScript.",
      "duration": "8 weeks",
      "image": "images/course1.jpg"
    },
    {
      "id": 2,
      "name": "Data Structures & Algorithms",
      "instructor": "Prof. Emily Johnson",
      "description": "Learn fundamental algorithms and complex data structures.",
      "duration": "10 weeks",
      "image": "images/course1.jpg"
    },
    {
      "id": 3,
      "name": "Machine Learning Fundamentals",
      "instructor": "Dr. Michael Brown",
      "description": "Introduction to supervised and unsupervised learning techniques.",
      "duration": "12 weeks",
      "image": "images/course1.jpg"
    },
    {
      "id": 4,
      "name": "Cybersecurity Essentials",
      "instructor": "Prof. Sarah Wilson",
      "description": "Network security, cryptography, and ethical hacking basics.",
      "duration": "8 weeks",
      "image": "images/course1.jpg"
    },
    {
      "id": 5,
      "name": "Mobile App Development",
      "instructor": "Dr. Robert Taylor",
      "description": "Build iOS and Android apps using React Native.",
      "duration": "10 weeks",
      "image": "images/course1.jpg"
    },
    {
      "id": 6,
      "name": "Cloud Computing with AWS",
      "instructor": "Prof. Linda Martinez",
      "description": "Master AWS services and cloud architecture.",
      "duration": "8 weeks",
      "image": "images/course1.jpg"
    },
    {
      "id": 7,
      "name": "Database Systems",
      "instructor": "Dr. James Anderson",
      "description": "SQL, NoSQL, and database design principles.",
      "duration": "9 weeks",
      "image": "images/course1.jpg"
    },
    {
      "id": 8,
      "name": "UI/UX Design",
      "instructor": "Prof. Rachel Green",
      "description": "User-centered design principles and prototyping.",
      "duration": "8 weeks",
      "image": "images/course1.jpg"
    },
    {
      "id": 9,
      "name": "Python Programming",
      "instructor": "Dr. Daniel White",
      "description": "From basics to advanced Python concepts.",
      "duration": "10 weeks",
      "image": "images/course1.jpg"
    },
    {
      "id": 10,
      "name": "Artificial Intelligence",
      "instructor": "Prof. Olivia Davis",
      "description": "Neural networks, NLP, and AI ethics.",
      "duration": "12 weeks",
      "image": "images/course1.jpg"
    }
  ]