[
    {
      "studentName": "Alice Johnson",
      "courseName": "Web Development",
      "review": "Excellent course structure!",
      "rating": 5
    },
    {
      "studentName": "John Carter",
      "courseName": "Data Structures & Algorithms",
      "review": "Challenging but incredibly rewarding. The exercises helped me think like a programmer!",
      "rating": 4
    },
    {
      "studentName": "Priya Patel",
      "courseName": "Machine Learning Fundamentals",
      "review": "The projects were industry-relevant and the instructor explanations were crystal clear.",
      "rating": 5
    },
    {
      "studentName": "Carlos Rodriguez",
      "courseName": "Cybersecurity Essentials",
      "review": "Practical labs made complex security concepts easy to understand. Highly recommend!",
      "rating": 5
    }
  ]